{"danceability": 67.21851851851851, "energy": 64.74814814814815, "speechiness": 7.4185185185185185, "acousticness": 19.46912592592593, "liveness": 20.227407407407412, "valence": 49.025925925925925}